{"cameraMode":{"drawMode":0,"name":"Shaded","section":"Shading Mode"},"sceneLighting":false,"audioPlay":false,"sceneViewState":{"showFog":true,"showMaterialUpdate":false,"showSkybox":true,"showFlares":true,"showImageEffects":true,"showParticleSystems":true},"in2DMode":false,"pivot":{"x":-0.0034744590520858766,"y":-0.006753280758857727,"z":-0.004723057150840759},"rotation":{"x":0.11427528411149979,"y":0.827508807182312,"z":-0.1823549121618271,"w":0.5185721516609192},"size":2.8578836917877199,"orthographic":false}