{"cameraMode":{"drawMode":0,"name":"Shaded","section":"Shading Mode"},"sceneLighting":false,"audioPlay":false,"sceneViewState":{"showFog":true,"showMaterialUpdate":false,"showSkybox":true,"showFlares":true,"showImageEffects":true,"showParticleSystems":true},"in2DMode":false,"pivot":{"x":-0.02844715118408203,"y":0.003773510456085205,"z":-0.2617195248603821},"rotation":{"x":0.011693065986037255,"y":0.9878790974617004,"z":-0.12302687019109726,"w":0.09392857551574707},"size":2.749863386154175,"orthographic":false}