{"cameraMode":{"drawMode":0,"name":"Shaded","section":"Shading Mode"},"sceneLighting":false,"audioPlay":false,"sceneViewState":{"showFog":true,"showMaterialUpdate":false,"showSkybox":true,"showFlares":true,"showImageEffects":true,"showParticleSystems":true},"in2DMode":false,"pivot":{"x":0.9708329439163208,"y":4.740133285522461,"z":-0.00011852383613586426},"rotation":{"x":-0.1669176071882248,"y":-0.11654061079025269,"z":0.0198727585375309,"w":-0.9788574576377869},"size":1.6597881317138672,"orthographic":false}