{"cameraMode":{"drawMode":0,"name":"Shaded","section":"Shading Mode"},"sceneLighting":false,"audioPlay":false,"sceneViewState":{"showFog":true,"showMaterialUpdate":false,"showSkybox":true,"showFlares":true,"showImageEffects":true,"showParticleSystems":true},"in2DMode":false,"pivot":{"x":-2.37066650390625,"y":-1.9852180480957032,"z":-3.7254714965820314},"rotation":{"x":0.29593053460121157,"y":-0.19172176718711854,"z":0.060758691281080249,"w":0.9337967038154602},"size":23.943397521972658,"orthographic":false}