{"cameraMode":{"drawMode":0,"name":"Shaded","section":"Shading Mode"},"sceneLighting":false,"audioPlay":false,"sceneViewState":{"showFog":true,"showMaterialUpdate":false,"showSkybox":true,"showFlares":true,"showImageEffects":true,"showParticleSystems":true},"in2DMode":false,"pivot":{"x":0.01933807134628296,"y":1.9136810302734376,"z":0.07754844427108765},"rotation":{"x":-0.1258053034543991,"y":-0.5531935095787048,"z":0.08496444672346115,"w":-0.8191037774085999},"size":8.046975135803223,"orthographic":false}