{"cameraMode":{"drawMode":0,"name":"Shaded","section":"Shading Mode"},"sceneLighting":false,"audioPlay":false,"sceneViewState":{"showFog":true,"showMaterialUpdate":false,"showSkybox":true,"showFlares":true,"showImageEffects":true,"showParticleSystems":true},"in2DMode":false,"pivot":{"x":0.014182358980178833,"y":0.1379714012145996,"z":0.885142982006073},"rotation":{"x":-0.31257274746894839,"y":0.09326964616775513,"z":-0.03085419163107872,"w":-0.9448000192642212},"size":1.703628659248352,"orthographic":false}