{"cameraMode":{"drawMode":0,"name":"Shaded","section":"Shading Mode"},"sceneLighting":false,"audioPlay":false,"sceneViewState":{"showFog":true,"showMaterialUpdate":false,"showSkybox":true,"showFlares":true,"showImageEffects":true,"showParticleSystems":true},"in2DMode":false,"pivot":{"x":-0.21889261901378632,"y":0.003367781639099121,"z":-0.3822057843208313},"rotation":{"x":-0.011067681945860386,"y":0.987696647644043,"z":-0.08256282657384873,"w":-0.13234898447990418},"size":3.1413347721099855,"orthographic":false}