{"cameraMode":{"drawMode":0,"name":"Shaded","section":"Shading Mode"},"sceneLighting":false,"audioPlay":false,"sceneViewState":{"showFog":true,"showMaterialUpdate":false,"showSkybox":true,"showFlares":true,"showImageEffects":true,"showParticleSystems":true},"in2DMode":false,"pivot":{"x":1.9910227060317994,"y":4.743101119995117,"z":0.002707451581954956},"rotation":{"x":-0.1669176071882248,"y":-0.11654061079025269,"z":0.0198727585375309,"w":-0.9788574576377869},"size":1.6371151208877564,"orthographic":false}