{"cameraMode":{"drawMode":0,"name":"Shaded","section":"Shading Mode"},"sceneLighting":false,"audioPlay":false,"sceneViewState":{"showFog":true,"showMaterialUpdate":false,"showSkybox":true,"showFlares":true,"showImageEffects":true,"showParticleSystems":true},"in2DMode":false,"pivot":{"x":0.0028385519981384279,"y":0.49589186906814577,"z":0.005110383033752441},"rotation":{"x":0.2835736870765686,"y":-0.1629696786403656,"z":0.048969320952892306,"w":0.9437313675880432},"size":34.342655181884769,"orthographic":false}