{"cameraMode":{"drawMode":0,"name":"Shaded","section":"Shading Mode"},"sceneLighting":false,"audioPlay":false,"sceneViewState":{"showFog":true,"showMaterialUpdate":false,"showSkybox":true,"showFlares":true,"showImageEffects":true,"showParticleSystems":true},"in2DMode":false,"pivot":{"x":0.013953953981399536,"y":0.2789146304130554,"z":0.0051901936531066898},"rotation":{"x":0.2835736870765686,"y":-0.1629696786403656,"z":0.048969320952892306,"w":0.9437313675880432},"size":18.2558536529541,"orthographic":false}