{"cameraMode":{"drawMode":0,"name":"Shaded","section":"Shading Mode"},"sceneLighting":false,"audioPlay":false,"sceneViewState":{"showFog":true,"showMaterialUpdate":false,"showSkybox":true,"showFlares":true,"showImageEffects":true,"showParticleSystems":true},"in2DMode":false,"pivot":{"x":-0.7202203273773193,"y":0.7803802490234375,"z":0.7718651294708252},"rotation":{"x":0.07334479689598084,"y":-0.9208604693412781,"z":0.21163314580917359,"w":0.3191364109516144},"size":4.757496356964111,"orthographic":false}