{"cameraMode":{"drawMode":0,"name":"Shaded","section":"Shading Mode"},"sceneLighting":false,"audioPlay":false,"sceneViewState":{"showFog":true,"showMaterialUpdate":false,"showSkybox":true,"showFlares":true,"showImageEffects":true,"showParticleSystems":true},"in2DMode":false,"pivot":{"x":-0.0898187905550003,"y":0.05539863929152489,"z":0.02028834819793701},"rotation":{"x":-0.0014375344617292286,"y":-0.929506778717041,"z":0.00362372281961143,"w":-0.3687843084335327},"size":0.23693066835403443,"orthographic":false}