{"cameraMode":{"drawMode":0,"name":"Shaded","section":"Shading Mode"},"sceneLighting":false,"audioPlay":false,"sceneViewState":{"showFog":true,"showMaterialUpdate":false,"showSkybox":true,"showFlares":true,"showImageEffects":true,"showParticleSystems":true},"in2DMode":false,"pivot":{"x":1.544921875,"y":1.8741464614868165,"z":1.2309093475341797},"rotation":{"x":0.24142974615097047,"y":-0.3127671778202057,"z":0.08253339678049088,"w":0.9149189591407776},"size":11.329170227050782,"orthographic":true}