{"cameraMode":{"drawMode":0,"name":"Shaded","section":"Shading Mode"},"sceneLighting":false,"audioPlay":false,"sceneViewState":{"showFog":true,"showMaterialUpdate":false,"showSkybox":true,"showFlares":true,"showImageEffects":true,"showParticleSystems":true},"in2DMode":false,"pivot":{"x":-0.08872568607330322,"y":0.07585103809833527,"z":-0.22501149773597718},"rotation":{"x":0.11427528411149979,"y":0.827508807182312,"z":-0.1823549121618271,"w":0.5185721516609192},"size":0.5172533392906189,"orthographic":false}