{"cameraMode":{"drawMode":0,"name":"Shaded","section":"Shading Mode"},"sceneLighting":false,"audioPlay":false,"sceneViewState":{"showFog":true,"showMaterialUpdate":false,"showSkybox":true,"showFlares":true,"showImageEffects":true,"showParticleSystems":true},"in2DMode":false,"pivot":{"x":-0.7032861709594727,"y":0.15012574195861817,"z":-7.840553283691406},"rotation":{"x":0.049899861216545108,"y":0.9015415906906128,"z":-0.10815871506929398,"w":0.41597414016723635},"size":7.605001449584961,"orthographic":false}