{"cameraMode":{"drawMode":0,"name":"Shaded","section":"Shading Mode"},"sceneLighting":true,"audioPlay":false,"sceneViewState":{"showFog":true,"showMaterialUpdate":false,"showSkybox":true,"showFlares":true,"showImageEffects":true,"showParticleSystems":true},"in2DMode":false,"pivot":{"x":77.8338851928711,"y":16.19671058654785,"z":106.58716583251953},"rotation":{"x":0.22615177929401399,"y":0.6248548030853272,"z":-0.19596236944198609,"w":0.7211176156997681},"size":3.174839973449707,"orthographic":false}