{"cameraMode":{"drawMode":0,"name":"Shaded","section":"Shading Mode"},"sceneLighting":false,"audioPlay":false,"sceneViewState":{"showFog":true,"showMaterialUpdate":false,"showSkybox":true,"showFlares":true,"showImageEffects":true,"showParticleSystems":true},"in2DMode":false,"pivot":{"x":-0.39112424850463869,"y":0.4399944543838501,"z":1.356698989868164},"rotation":{"x":0.011693065986037255,"y":0.9878790974617004,"z":-0.12302687019109726,"w":0.09392857551574707},"size":7.9346723556518559,"orthographic":false}