{"cameraMode":{"drawMode":0,"name":"Shaded","section":"Shading Mode"},"sceneLighting":false,"audioPlay":false,"sceneViewState":{"showFog":true,"showMaterialUpdate":false,"showSkybox":true,"showFlares":true,"showImageEffects":true,"showParticleSystems":true},"in2DMode":false,"pivot":{"x":128.9722137451172,"y":4.755413055419922,"z":71.02708435058594},"rotation":{"x":-0.04765743017196655,"y":-0.849636971950531,"z":0.07795944064855576,"w":-0.5193920731544495},"size":2.8578836917877199,"orthographic":false}