{"cameraMode":{"drawMode":0,"name":"Shaded","section":"Shading Mode"},"sceneLighting":false,"audioPlay":false,"sceneViewState":{"showFog":true,"showMaterialUpdate":false,"showSkybox":true,"showFlares":true,"showImageEffects":true,"showParticleSystems":true},"in2DMode":false,"pivot":{"x":-0.13981962203979493,"y":0.0,"z":7.036093711853027},"rotation":{"x":0.4348849058151245,"y":0.4498843252658844,"z":-0.26693007349967959,"w":0.7329580783843994},"size":13.290468215942383,"orthographic":true}