{"cameraMode":{"drawMode":0,"name":"Shaded","section":"Shading Mode"},"sceneLighting":false,"audioPlay":false,"sceneViewState":{"showFog":true,"showMaterialUpdate":false,"showSkybox":true,"showFlares":true,"showImageEffects":true,"showParticleSystems":true},"in2DMode":false,"pivot":{"x":2.9866881370544435,"y":1.1432150602340699,"z":0.02055734395980835},"rotation":{"x":-0.1258053034543991,"y":-0.5531935095787048,"z":0.08496444672346115,"w":-0.8191037774085999},"size":4.645492076873779,"orthographic":false}