{"cameraMode":{"drawMode":0,"name":"Shaded","section":"Shading Mode"},"sceneLighting":false,"audioPlay":false,"sceneViewState":{"showFog":true,"showMaterialUpdate":false,"showSkybox":true,"showFlares":true,"showImageEffects":true,"showParticleSystems":true},"in2DMode":false,"pivot":{"x":0.37274301052093508,"y":-0.34020042419433596,"z":-0.8277590274810791},"rotation":{"x":-0.31257274746894839,"y":0.09326964616775513,"z":-0.03085419163107872,"w":-0.9448000192642212},"size":3.1644530296325685,"orthographic":false}