{"cameraMode":{"drawMode":0,"name":"Shaded","section":"Shading Mode"},"sceneLighting":false,"audioPlay":false,"sceneViewState":{"showFog":true,"showMaterialUpdate":false,"showSkybox":true,"showFlares":true,"showImageEffects":true,"showParticleSystems":true},"in2DMode":false,"pivot":{"x":0.0017997026443481446,"y":0.24210050702095033,"z":-0.004303276538848877},"rotation":{"x":0.2835736870765686,"y":-0.1629696786403656,"z":0.048969320952892306,"w":0.9437313675880432},"size":13.710400581359864,"orthographic":false}