{"cameraMode":{"drawMode":0,"name":"Shaded","section":"Shading Mode"},"sceneLighting":false,"audioPlay":false,"sceneViewState":{"showFog":true,"showMaterialUpdate":false,"showSkybox":true,"showFlares":true,"showImageEffects":true,"showParticleSystems":true},"in2DMode":false,"pivot":{"x":0.2900421619415283,"y":-0.809088945388794,"z":-4.830233573913574},"rotation":{"x":0.3497064411640167,"y":-0.1397794485092163,"z":0.052852991968393329,"w":0.9248641729354858},"size":9.646702766418457,"orthographic":true}