{"cameraMode":{"drawMode":0,"name":"Shaded","section":"Shading Mode"},"sceneLighting":false,"audioPlay":false,"sceneViewState":{"showFog":true,"showMaterialUpdate":false,"showSkybox":true,"showFlares":true,"showImageEffects":true,"showParticleSystems":true},"in2DMode":false,"pivot":{"x":0.0024609267711639406,"y":4.737187385559082,"z":0.0006611943244934082},"rotation":{"x":-0.1669176071882248,"y":-0.11654061079025269,"z":0.0198727585375309,"w":-0.9788574576377869},"size":1.6388393640518189,"orthographic":false}