{"cameraMode":{"drawMode":0,"name":"Shaded","section":"Shading Mode"},"sceneLighting":false,"audioPlay":false,"sceneViewState":{"showFog":true,"showMaterialUpdate":false,"showSkybox":true,"showFlares":true,"showImageEffects":true,"showParticleSystems":true},"in2DMode":false,"pivot":{"x":0.01246500015258789,"y":1.0690094232559205,"z":-0.04289841651916504},"rotation":{"x":-0.1258053034543991,"y":-0.5531935095787048,"z":0.08496444672346115,"w":-0.8191037774085999},"size":5.885863304138184,"orthographic":false}