{"cameraMode":{"drawMode":0,"name":"Shaded","section":"Shading Mode"},"sceneLighting":false,"audioPlay":false,"sceneViewState":{"showFog":true,"showMaterialUpdate":false,"showSkybox":true,"showFlares":true,"showImageEffects":true,"showParticleSystems":true},"in2DMode":false,"pivot":{"x":-0.05527558922767639,"y":1.0034961700439454,"z":-1.6819766759872437},"rotation":{"x":0.1531219333410263,"y":0.7984212636947632,"z":-0.22820626199245454,"w":0.5357230305671692},"size":3.9024441242218019,"orthographic":false}