{"cameraMode":{"drawMode":0,"name":"Shaded","section":"Shading Mode"},"sceneLighting":false,"audioPlay":false,"sceneViewState":{"showFog":true,"showMaterialUpdate":false,"showSkybox":true,"showFlares":true,"showImageEffects":true,"showParticleSystems":true},"in2DMode":false,"pivot":{"x":-14.007218360900879,"y":0.058637022972106937,"z":-0.32496750354766848},"rotation":{"x":0.2757679522037506,"y":0.5430777668952942,"z":-0.19479861855506898,"w":0.7688121199607849},"size":5.181236267089844,"orthographic":false}