{"cameraMode":{"drawMode":0,"name":"Shaded","section":"Shading Mode"},"sceneLighting":false,"audioPlay":false,"sceneViewState":{"showFog":true,"showMaterialUpdate":false,"showSkybox":true,"showFlares":true,"showImageEffects":true,"showParticleSystems":true},"in2DMode":false,"pivot":{"x":2.6865234375,"y":4.21337890625,"z":0.15966796875},"rotation":{"x":-0.45999979972839358,"y":0.3707196116447449,"z":-0.2196578085422516,"w":-0.7763489484786987},"size":2.8578836917877199,"orthographic":true}